{
  "books": [
    {"title": "book1", "author": "author1", "description" : "Test description", "imageName" : "1"},
    {"title": "book2", "author": "author2", "description" : "Test description", "imageName" : "2"},
    {"title": "book3", "author": "author1", "description" : "Test description", "imageName" : "1"},
    {"title": "book4", "author": "author2", "description" : "Test description", "imageName" : "2"},
    {"title": "book5", "author": "author1", "description" : "Test description", "imageName" : "1"},
    {"title": "book6", "author": "author2", "description" : "Test description", "imageName" : "2"},
    {"title": "book7", "author": "author1", "description" : "Test description", "imageName" : "1"},
    {"title": "book8", "author": "author2", "description" : "Test description", "imageName" : "2"}
  ]
}
